,AnoMes,Municipio_Ibge,Municipio,Estado_Ibge,Estado,Sigla_Regiao,Regiao,VL_PagadorPF,QT_PagadorPF,VL_PagadorPJ,QT_PagadorPJ,VL_RecebedorPF,QT_RecebedorPF,VL_RecebedorPJ,QT_RecebedorPJ,QT_PES_PagadorPF,QT_PES_PagadorPJ,QT_PES_RecebedorPF,QT_PES_RecebedorPJ
0,202211,1300631,BERURI,13,AMAZONAS,NO,NORTE,12869919.75,93366,2308426.53,1913,10789394.22,64734,5266234.56,3907,4745,77,4312,69
1,202504,3137502,LAGOA FORMOSA,31,MINAS GERAIS,SE,SUDESTE,96334963.38,262962,30264204.61,16439,88432410.27,153105,38828055.37,56901,9482,720,9178,678
2,202509,2209351,SANTANA DO PIAUÍ,22,PIAUÍ,NE,NORDESTE,7461582.51,51921,695816.77,227,6782427.24,31746,530320.31,1885,1854,21,1796,20
3,202210,2502607,IGARACY,25,PARAÍBA,NE,NORDESTE,5116092.55,30117,634249.54,668,4986856.61,26338,851160.57,1438,1829,37,1918,29
4,202204,3128402,GUARANI,31,MINAS GERAIS,SE,SUDESTE,5296401.38,20737,6458024.79,1797,5463572.34,16127,9530405.36,19648,2067,166,2065,179
5,202409,2306603,ITATIRA,23,CEARÁ,NE,NORDESTE,52991857.87,431029,10958846.53,13838,48515122.73,253815,9949916.32,48831,11503,304,11241,292
6,202102,2207108,OLHO D'ÁGUA DO PIAUÍ,22,PIAUÍ,NE,NORDESTE,112173.19,487,2501.57,10,134885.25,558,11940.0,10,99,4,149,3
7,202501,1706258,CRIXÁS DO TOCANTINS,17,TOCANTINS,NO,NORTE,5640590.78,36281,2599275.08,1288,4685517.76,18896,2325450.7,3557,852,40,856,31
8,202111,2505352,DAMIÃO,25,PARAÍBA,NE,NORDESTE,2214256.31,12067,168656.64,341,2185804.27,12378,84482.55,598,1040,27,1224,22
9,202203,2514305,SÃO JOSÉ DE CAIANA,25,PARAÍBA,NE,NORDESTE,2583357.4,11926,365322.87,212,2768270.12,11282,310800.26,211,1067,15,1227,13
10,202301,3136504,JORDÂNIA,31,MINAS GERAIS,SE,SUDESTE,11309603.09,61347,1345603.16,2376,10688079.0,44971,1552747.56,8612,3582,150,3603,158
11,202306,4108452,FOZ DO JORDÃO,41,PARANÁ,SU,SUL,7441762.84,40997,3936943.3,3568,8106167.66,24633,3749434.36,6015,2262,147,2278,139
12,202502,3107703,BOM JESUS DO AMPARO,31,MINAS GERAIS,SE,SUDESTE,13876766.02,77597,9363877.62,5565,14659057.6,45786,10142853.23,20047,3178,221,3129,217
13,202601,1718501,RECURSOLÂNDIA,17,TOCANTINS,NO,NORTE,16140955.76,90150,2390206.36,2440,14828962.2,48344,2486910.83,9630,2131,58,2086,54
14,202609,5209952,INDIARA,52,GOIÁS,CO,CENTRO-OESTE,63953600.75,324390,63204174.04,38208,60268527.54,192221,44872292.99,103702,10334,906,10171,847
15,202401,2601607,BELÉM DO SÃO FRANCISCO,26,PERNAMBUCO,NE,NORDESTE,44877020.57,405398,19244925.38,6160,41316572.72,256974,18067451.71,38254,11125,252,10708,229
16,202510,2107100,MORROS,21,MARANHÃO,NE,NORDESTE,41652341.23,353978,10614689.99,12268,37547202.92,245620,9705003.1,51638,8731,208,8477,212
17,202606,3104809,AUGUSTO DE LIMA,31,MINAS GERAIS,SE,SUDESTE,14774222.54,89246,4804749.57,6024,14542968.44,49123,5457536.6,24858,2549,178,2503,173
18,202512,2802502,GENERAL MAYNARD,28,SERGIPE,NE,NORDESTE,11695492.34,88018,1146059.73,1523,9877346.08,50680,825583.66,3455,1838,51,1793,48
19,202508,3519204,IACRI,35,SÃO PAULO,SE,SUDESTE,24366944.32,111096,96102208.26,5538,24881148.58,59702,92161172.09,11431,3357,271,3315,239
20,202304,2309706,PACATUBA,23,CEARÁ,NE,NORDESTE,128632755.03,943239,40238692.31,38698,129986057.04,769525,32915878.39,113908,32688,1279,32728,1152
21,202304,1716653,PEQUIZEIRO,17,TOCANTINS,NO,NORTE,8168809.81,38906,1629233.67,2197,8808302.6,29594,1615924.87,3825,2081,75,2069,67
22,202508,2923035,NOVO HORIZONTE,29,BAHIA,NE,NORDESTE,45442975.68,173031,4413363.05,3695,43628451.06,106311,5821846.47,20855,5562,180,5185,162
23,202506,3113701,CARLOS CHAGAS,31,MINAS GERAIS,SE,SUDESTE,75716898.36,417433,30866759.2,13655,73915348.48,252203,23372762.3,56588,11149,515,11242,507
24,202602,5205059,CASTELÂNDIA,52,GOIÁS,CO,CENTRO-OESTE,12871975.75,67396,17065197.4,4804,11978851.29,34425,15338498.2,15121,1997,103,1941,95
25,202209,2507408,JERICÓ,25,PARAÍBA,NE,NORDESTE,20589475.2,47592,2063913.83,1798,14591458.47,58236,2376636.29,4252,2581,92,2719,77
26,202211,1101484,SÃO FELIPE D'OESTE,11,RONDÔNIA,NO,NORTE,7090289.91,27652,4026371.26,1346,7008351.9,18758,1803200.42,4226,2195,105,2006,100
27,202504,3548609,SÃO BENTO DO SAPUCAÍ,35,SÃO PAULO,SE,SUDESTE,37921171.71,157001,19472290.05,18778,38661311.09,99117,18485400.75,52906,6599,724,6522,723
28,202601,2403806,FLORÂNIA,24,RIO GRANDE DO NORTE,NE,NORDESTE,28339348.14,203675,178887086.49,10879,25098774.74,125765,163824182.49,43372,5691,235,5454,220
29,202207,4323770,WESTFÁLIA,43,RIO GRANDE DO SUL,SU,SUL,2782553.28,7380,3196866.95,1108,2965569.31,4697,2777019.67,1649,928,100,727,102
30,202510,3532058,MOTUCA,35,SÃO PAULO,SE,SUDESTE,13583544.58,82181,8585199.33,6092,12556864.84,43100,7612341.94,14439,2593,174,2462,159
31,202105,3554300,TEODORO SAMPAIO,35,SÃO PAULO,SE,SUDESTE,12001055.09,38066,3945725.48,2825,12637843.06,36984,2735583.66,4447,5670,328,5781,331
32,202108,5204102,CACHOEIRA ALTA,52,GOIÁS,CO,CENTRO-OESTE,20722844.23,28605,4358805.31,2113,12922459.48,24730,4052942.23,4727,3011,182,2920,213
33,202506,2511608,PILÕES,25,PARAÍBA,NE,NORDESTE,15863848.19,138728,1819492.58,3232,15408637.56,89146,2010297.57,13207,3980,140,3988,128
34,202305,3151701,POÇO FUNDO,31,MINAS GERAIS,SE,SUDESTE,23864540.03,84291,23515369.04,6445,23296763.93,56091,23840689.42,19789,5846,434,5444,398
35,202309,3530607,MOGI DAS CRUZES,35,SÃO PAULO,SE,SUDESTE,1311809683.93,6478574,951566554.41,573504,1408161610.38,4428814,1667987028.73,1050891,279542,22322,276137,20917
36,202304,2924801,PIRITIBA,29,BAHIA,NE,NORDESTE,20328477.09,143280,3438255.57,3757,20094974.26,107474,2735595.97,13455,6983,249,7031,234
37,202502,4302220,BOA VISTA DO CADEADO,43,RIO GRANDE DO SUL,SU,SUL,5694289.78,20280,941500.05,799,6165246.27,8331,5194080.76,2334,958,49,844,51
38,202110,2514800,SÃO JOSÉ DOS CORDEIROS,25,PARAÍBA,NE,NORDESTE,1663958.42,7245,216391.47,222,1712214.23,7186,203634.11,268,717,15,769,12
39,202509,3124104,ESMERALDAS,31,MINAS GERAIS,SE,SUDESTE,259088414.02,1750546,92178484.69,103739,263403258.08,1003795,90424717.07,279138,45626,3152,45700,3044
40,202308,5003751,ELDORADO,50,MATO GROSSO DO SUL,CO,CENTRO-OESTE,29517922.74,133510,8074044.7,8011,26869066.99,75651,9428269.54,24071,5973,361,5773,357
41,202201,2207850,PAVUSSU,22,PIAUÍ,NE,NORDESTE,2543160.85,12366,219198.85,399,2301880.96,10431,842163.18,973,858,27,901,25
42,202507,4105805,COLOMBO,41,PARANÁ,SU,SUL,1040092021.48,6730827,1001696118.19,601260,1121082577.07,3804738,964186926.86,1354668,173858,15152,173606,14531
43,202504,2109304,PRESIDENTE VARGAS,21,MARANHÃO,NE,NORDESTE,20030311.73,196394,909772.42,2780,17465679.7,118111,1396019.85,6584,5286,64,5070,64
44,202011,3133501,ITAPECERICA,31,MINAS GERAIS,SE,SUDESTE,524752.0,961,710702.66,51,519566.66,1046,427483.51,61,392,26,439,27
45,202411,1200807,PORTO ACRE,12,ACRE,NO,NORTE,48091249.71,322550,6538286.12,12110,46940284.13,190346,6711471.43,29427,8704,155,8540,149
46,202011,1507961,TERRA ALTA,15,PARÁ,NO,NORTE,102263.84,390,3531.8,6,124097.77,435,6649.8,18,170,2,142,2
47,202602,2915007,ITAETÉ,29,BAHIA,NE,NORDESTE,31816143.33,273253,3115473.74,8378,28872922.58,149920,3920575.02,34131,8087,218,7806,207
48,202203,5103361,CONQUISTA D'OESTE,51,MATO GROSSO,CO,CENTRO-OESTE,4793986.84,11652,1938105.05,1175,4430655.93,8325,3005426.64,2938,1152,83,1047,84
49,202603,2409100,PASSA E FICA,24,RIO GRANDE DO NORTE,NE,NORDESTE,30351020.07,207494,17167468.15,15228,28271036.15,132922,17778166.15,57301,6042,332,5841,310
50,202603,4211751,OTACÍLIO COSTA,42,SANTA CATARINA,SU,SUL,66983989.66,338448,83540592.6,39670,67905823.05,156493,65490966.75,100944,11230,1150,10877,1094
51,202407,3551405,SERRA AZUL,35,SÃO PAULO,SE,SUDESTE,27476808.28,187022,7493067.51,9880,27585490.4,118231,8798721.33,27021,5578,330,5451,296
52,202305,3109105,BUENO BRANDÃO,31,MINAS GERAIS,SE,SUDESTE,16293505.42,56027,5133406.01,4259,18729073.64,40563,19299010.41,10136,4010,266,3871,280
53,202409,2912103,IBICARAÍ,29,BAHIA,NE,NORDESTE,64772501.18,434827,15288834.45,13483,62968697.48,299840,14459970.11,39214,12996,508,13217,456
54,202112,3549706,SÃO JOSÉ DO RIO PARDO,35,SÃO PAULO,SE,SUDESTE,60605311.41,170135,45666175.28,22009,64046198.14,149462,44851856.18,34372,17299,1715,17592,1807
55,202304,4218202,TIMBÓ,42,SANTA CATARINA,SU,SUL,90332323.71,287123,163542186.38,48960,94995904.16,189450,164352840.59,196255,22735,3223,21070,3145
56,202201,2208551,PORTO ALEGRE DO PIAUÍ,22,PIAUÍ,NE,NORDESTE,835302.8,6545,224642.07,268,765680.21,5475,69854.42,619,523,19,589,18
57,202103,3122306,DIVINÓPOLIS,31,MINAS GERAIS,SE,SUDESTE,173413376.89,349468,91121059.79,37700,179465458.44,346599,84516201.15,49993,53395,5079,58407,5083
58,202204,3165602,SENADOR CORTES,31,MINAS GERAIS,SE,SUDESTE,1385847.96,4799,418646.67,272,1606687.67,3840,374627.71,408,499,32,516,28
59,202310,4116901,NOVA ESPERANÇA,41,PARANÁ,SU,SUL,77053542.65,314186,204627823.2,33592,78258387.0,194218,255362926.83,73063,14173,1259,14170,1225
60,202602,3500808,ALFREDO MARCONDES,35,SÃO PAULO,SE,SUDESTE,16133816.9,75700,21878873.95,13876,16338932.06,37573,21988914.95,16855,2554,183,2408,167
61,202602,1200351,MARECHAL THAUMATURGO,12,ACRE,NO,NORTE,25137712.86,217704,6678160.93,5022,22456789.49,123926,4874604.8,14353,7188,154,6934,139
62,202608,3142403,MOEMA,31,MINAS GERAIS,SE,SUDESTE,46199693.33,173029,10541629.77,10190,49951791.72,116114,10710401.49,38013,4713,495,4610,451
63,202205,3518107,GUARANTÃ,35,SÃO PAULO,SE,SUDESTE,6887499.19,30376,1490756.87,1589,6940578.46,24190,1815480.14,3782,2569,132,2453,141
64,202304,2914109,IPUPIARA,29,BAHIA,NE,NORDESTE,13770695.17,60497,2923437.8,3314,12187407.53,45422,3995973.34,11173,3441,160,3385,168
65,202106,2401404,BAÍA FORMOSA,24,RIO GRANDE DO NORTE,NE,NORDESTE,4447743.97,19540,1521509.45,780,4946495.19,22308,5162979.56,1158,1944,74,2220,73
66,202307,2607950,JAQUEIRA,26,PERNAMBUCO,NE,NORDESTE,12969399.89,102839,1707011.3,2005,12127725.71,70851,2201274.34,7948,4378,80,4492,78
67,202408,1711506,JAÚ DO TOCANTINS,17,TOCANTINS,NO,NORTE,9446729.04,53046,2384018.79,2498,10300097.0,28993,2460254.69,9506,1780,86,1732,84
68,202101,4206108,GRÃO-PARÁ,42,SANTA CATARINA,SU,SUL,762886.92,1101,436361.85,245,880465.09,1084,417409.91,256,344,57,342,54
69,202212,4313300,NOVA PRATA,43,RIO GRANDE DO SUL,SU,SUL,49824554.61,173806,140368012.49,24448,46010862.77,108134,137031107.36,82634,11939,1659,11251,1686
70,202601,2610707,PAULISTA,26,PERNAMBUCO,NE,NORDESTE,1481873953.21,11387676,543592363.58,479163,1385530726.03,7200973,534135358.88,1767241,231228,11427,228168,10915
71,202011,4209458,LAJEADO GRANDE,42,SANTA CATARINA,SU,SUL,15141.34,35,5000.0,1,21470.85,38,12431.0,3,15,1,18,2
72,202112,3515152,ENGENHEIRO COELHO,35,SÃO PAULO,SE,SUDESTE,31862414.17,85878,16312077.45,8615,35158906.02,73857,18744059.43,13803,6880,520,7115,499
73,202301,3117603,CONCEIÇÃO DO PARÁ,31,MINAS GERAIS,SE,SUDESTE,7276064.87,30090,6279497.48,1769,7126971.17,22585,5876324.21,4837,2059,124,2020,130
74,202109,3100401,ACAIACA,31,MINAS GERAIS,SE,SUDESTE,1821933.66,7009,378911.44,305,2182273.05,6397,2329105.15,1495,902,37,963,41
75,202111,2601003,ANGELIM,26,PERNAMBUCO,NE,NORDESTE,3820354.14,17275,354449.71,353,3895596.9,16094,419387.11,399,1755,31,1900,27
76,202101,2112274,TUFILÂNDIA,21,MARANHÃO,NE,NORDESTE,167881.44,828,5700.0,4,195917.82,794,20448.0,12,188,3,228,2
77,202509,2108207,PEDREIRAS,21,MARANHÃO,NE,NORDESTE,172656381.53,1148837,87356564.45,68720,169696151.04,750124,92459670.74,251683,26673,1125,25981,1094
78,202011,5212303,LEOPOLDO DE BULHÕES,52,GOIÁS,CO,CENTRO-OESTE,182107.03,299,184455.7,47,251361.98,360,103186.75,19,137,12,160,10
79,202202,3149200,PEDRINÓPOLIS,31,MINAS GERAIS,SE,SUDESTE,3729573.69,11515,652451.95,655,4755926.78,8129,882179.94,2373,1246,74,1117,84
80,202408,2501203,AREIAL,25,PARAÍBA,NE,NORDESTE,14961544.37,118279,1299798.17,2419,14468298.46,74651,1108765.73,9306,3598,120,3520,106
81,202609,4120606,PRUDENTÓPOLIS,41,PARANÁ,SU,SUL,151424123.09,674721,122029828.67,63183,148393096.87,310054,125924119.05,161839,26449,2485,24779,2347
82,202201,2929800,SAÚDE,29,BAHIA,NE,NORDESTE,4905803.27,24085,872436.8,571,5244335.4,21611,711113.97,949,2348,61,2558,61
83,202609,3170750,VARJÃO DE MINAS,31,MINAS GERAIS,SE,SUDESTE,27256461.25,127660,15158627.97,10144,25047819.88,64652,16162485.73,32128,5370,432,5137,427
84,202203,3530003,MIRA ESTRELA,35,SÃO PAULO,SE,SUDESTE,3307072.93,10987,2332293.69,1380,4621642.27,8815,2266985.41,2124,1036,89,1065,81
85,202205,3157104,SALTO DA DIVISA,31,MINAS GERAIS,SE,SUDESTE,7476807.94,32421,2310229.61,1388,7321820.74,26031,2798861.21,2128,2161,82,2357,90
86,202302,3509205,CAJAMAR,35,SÃO PAULO,SE,SUDESTE,229978567.54,899460,257463346.85,92919,237596180.94,684304,289082746.36,148757,54588,4023,54054,3846
87,202311,4101002,AMPÉRE,41,PARANÁ,SU,SUL,40516791.83,178565,34206693.89,24905,39172090.08,103419,43117750.24,71254,8820,1029,8498,1048
88,202506,3555901,URU,35,SÃO PAULO,SE,SUDESTE,6514932.14,22814,3644908.07,1141,5634637.58,11645,1636088.3,2109,804,48,767,41
89,202307,2516151,SOSSÊGO,25,PARAÍBA,NE,NORDESTE,4543165.21,32745,759580.57,651,4143562.03,22688,316126.65,2142,1381,25,1384,29
90,202302,1503705,ITUPIRANGA,15,PARÁ,NO,NORTE,79363216.04,402151,14083146.67,12488,73609815.9,298503,19435183.76,54191,19394,447,18972,430
91,202511,5101308,ARENÁPOLIS,51,MATO GROSSO,CO,CENTRO-OESTE,110174764.14,266379,34309084.19,28428,102299419.85,140860,26538951.05,69807,6963,696,6739,676
92,202404,4305009,CATUÍPE,43,RIO GRANDE DO SUL,SU,SUL,19451664.29,80173,10891134.38,4457,17523566.12,38632,11052829.09,13928,4002,276,3713,277
93,202606,4309654,HULHA NEGRA,43,RIO GRANDE DO SUL,SU,SUL,19119344.84,114052,26711280.15,3990,19016396.27,53779,13177269.6,15974,3329,161,3122,156
94,202409,3106507,BERILO,31,MINAS GERAIS,SE,SUDESTE,20593226.85,148834,2111991.71,5133,20544812.71,139244,2005424.27,13702,5363,190,5165,172
95,202211,2708303,SÃO JOSÉ DA LAJE,27,ALAGOAS,NE,NORDESTE,21729697.57,128713,5061071.33,2675,20819287.92,99697,9827009.0,9090,7837,178,7849,170
96,202106,3544905,SALES OLIVEIRA,35,SÃO PAULO,SE,SUDESTE,7510629.96,18550,7650468.71,2227,6940759.75,15221,4643011.33,2795,2833,239,2686,254
97,202602,2402907,CORONEL JOÃO PESSOA,24,RIO GRANDE DO NORTE,NE,NORDESTE,10755105.86,65034,1300398.47,851,10011872.84,39707,1212045.74,4477,2460,45,2407,46
98,202512,1507607,SÃO MIGUEL DO GUAMÁ,15,PARÁ,NO,NORTE,193106105.3,1581920,114846191.04,66249,192773981.73,1011633,113759075.24,550151,31773,1145,31462,1090
99,202304,4318705,SÃO LEOPOLDO,43,RIO GRANDE DO SUL,SU,SUL,537343913.96,2547362,395753392.84,240537,567478173.64,1869576,466468500.23,878430,131861,9904,129444,9512
